{"duration": 0.6623091697692871, "input_args": {"country_name": "'Macedonia'"}, "time": 1732057995.8742855}