{"duration": 0.5888566970825195, "input_args": {"country_name": "'Burkina Faso'"}, "time": 1732057921.44531}