{"duration": 0.6636319160461426, "input_args": {"country_name": "'Malta'"}, "time": 1732058000.319332}