{"duration": 0.920201301574707, "input_args": {"country_name": "'Gabon'"}, "time": 1732057950.05308}