{"duration": 0.5924019813537598, "input_args": {"country_name": "'Switzerland'"}, "time": 1732058045.9432392}