{"duration": 0.6781418323516846, "input_args": {"country_name": "'Mexico'"}, "time": 1732058002.770608}