{"duration": 0.6469342708587646, "input_args": {"country_name": "'Central African Republic'"}, "time": 1732057927.4267182}