{"duration": 0.5960474014282227, "input_args": {"country_name": "'Ecuador'"}, "time": 1732057940.2678761}