{"duration": 0.7487795352935791, "input_args": {"country_name": "'South Africa'"}, "time": 1732058039.2080257}