{"duration": 0.6583554744720459, "input_args": {"country_name": "'Australia'"}, "time": 1732057905.202297}