{"duration": 0.6930356025695801, "input_args": {"country_name": "'Iraq'"}, "time": 1732057971.1023633}