{"duration": 0.7462301254272461, "input_args": {"country_name": "'Moldova'"}, "time": 1732058004.023549}