{"duration": 0.6637468338012695, "input_args": {"country_name": "'Romania'"}, "time": 1732058028.6489203}