{"duration": 0.6378614902496338, "input_args": {"country_name": "'Iceland'"}, "time": 1732057966.413598}