{"duration": 0.696174144744873, "input_args": {"country_name": "'Czech Republic'"}, "time": 1732057936.846686}