{"duration": 0.5650184154510498, "input_args": {"country_name": "'Argentina'"}, "time": 1732057902.8519883}