{"duration": 0.599480390548706, "input_args": {"country_name": "'Montenegro'"}, "time": 1732058007.5549426}