{"duration": 0.6805696487426758, "input_args": {"country_name": "'Mongolia'"}, "time": 1732058006.4495256}