{"duration": 0.658329963684082, "input_args": {"country_name": "'Tajikistan'"}, "time": 1732058048.3203676}