{"duration": 0.6546142101287842, "input_args": {"country_name": "'Cayman Islands'"}, "time": 1732057926.2719479}