{"duration": 0.7283093929290771, "input_args": {"country_name": "'Senegal'"}, "time": 1732058033.403844}