{"duration": 0.6042795181274414, "input_args": {"country_name": "'Myanmar'"}, "time": 1732058008.6670175}