{"duration": 0.6635849475860596, "input_args": {"country_name": "'Jordan'"}, "time": 1732057979.4880898}