{"duration": 0.6375892162322998, "input_args": {"country_name": "'Georgia'"}, "time": 1732057952.3739414}