{"duration": 0.6033780574798584, "input_args": {"country_name": "'Estonia'"}, "time": 1732057943.7961733}