{"duration": 0.6388988494873047, "input_args": {"country_name": "'Peru'"}, "time": 1732058019.1691275}