{"duration": 0.6673893928527832, "input_args": {"country_name": "'Gambia'"}, "time": 1732057951.229001}