{"duration": 0.6568706035614014, "input_args": {"country_name": "'Thailand'"}, "time": 1732058049.4836867}