{"duration": 0.6263866424560547, "input_args": {"country_name": "'New Zealand'"}, "time": 1732058013.278055}