{"duration": 0.6677312850952148, "input_args": {"country_name": "'Denmark'"}, "time": 1732057938.0206633}