{"duration": 0.6183831691741943, "input_args": {"country_name": "'Sweden'"}, "time": 1732058044.8435986}