{"duration": 0.6477794647216797, "input_args": {"country_name": "'Chile'"}, "time": 1732057929.858946}