{"duration": 0.6367123126983643, "input_args": {"country_name": "'Hungary'"}, "time": 1732057965.2699225}