{"duration": 0.648193359375, "input_args": {"country_name": "'Singapore'"}, "time": 1732058035.7322662}