{"duration": 0.6936171054840088, "input_args": {"country_name": "'Venezuela'"}, "time": 1732058063.3278294}