{"duration": 0.651639461517334, "input_args": {"country_name": "'Turkey'"}, "time": 1732058053.0493443}