{"duration": 0.7313389778137207, "input_args": {"country_name": "'Monaco'"}, "time": 1732058005.2623558}