{"duration": 0.7119865417480469, "input_args": {"country_name": "'Ethiopia'"}, "time": 1732057945.0142674}