{"duration": 1.6307990550994873, "input_args": {"country_name": "'Malaysia'"}, "time": 1732057999.1488452}