{"duration": 0.5862712860107422, "input_args": {"country_name": "'Cyprus'"}, "time": 1732057935.6440818}