{"duration": 0.7208011150360107, "input_args": {"country_name": "'Bolivia'"}, "time": 1732057915.766539}