{"duration": 0.6792535781860352, "input_args": {"country_name": "'Kenya'"}, "time": 1732057981.8090296}