{"duration": 0.6247899532318115, "input_args": {"country_name": "'Indonesia'"}, "time": 1732057968.6839504}