{"duration": 0.6957502365112305, "input_args": {"country_name": "'Bermuda'"}, "time": 1732057914.5351071}