{"duration": 0.6521294116973877, "input_args": {"country_name": "'Kuwait'"}, "time": 1732057984.128783}