{"duration": 0.6433236598968506, "input_args": {"country_name": "'Sudan'"}, "time": 1732058043.714173}