{"duration": 0.702204704284668, "input_args": {"country_name": "'Portugal'"}, "time": 1732058022.6799362}