{"duration": 0.7320730686187744, "input_args": {"country_name": "'French Guiana'"}, "time": 1732057948.6225023}