{"duration": 0.6300954818725586, "input_args": {"country_name": "'Slovakia'"}, "time": 1732058036.869351}