{"duration": 0.575793981552124, "input_args": {"country_name": "'Slovenia'"}, "time": 1732058037.9528172}