{"duration": 0.6903748512268066, "input_args": {"country_name": "'Palestinian Territory'"}, "time": 1732058018.0230176}