{"duration": 0.6785712242126465, "input_args": {"country_name": "'Uganda'"}, "time": 1732058055.3291128}