{"duration": 0.7058022022247314, "input_args": {"country_name": "'El Salvador'"}, "time": 1732057942.685876}