{"duration": 0.6750798225402832, "input_args": {"country_name": "'Andorra'"}, "time": 1732057900.6231318}