{"duration": 0.682870626449585, "input_args": {"country_name": "'Nigeria'"}, "time": 1732058014.4668772}