{"duration": 0.719689130783081, "input_args": {"country_name": "'Philippines'"}, "time": 1732058020.3960683}