{"duration": 0.6471610069274902, "input_args": {"country_name": "'Angola'"}, "time": 1732057901.7781432}