{"duration": 0.6508281230926514, "input_args": {"country_name": "'Germany'"}, "time": 1732057953.5327597}