{"duration": 0.6349658966064453, "input_args": {"country_name": "'Brazil'"}, "time": 1732057918.0702982}