{"duration": 0.6576399803161621, "input_args": {"country_name": "'Ireland'"}, "time": 1732057972.267674}