{"duration": 0.7094337940216064, "input_args": {"country_name": "'Lebanon'"}, "time": 1732057988.7751021}