{"duration": 0.8903830051422119, "input_args": {"country_name": "'Albania'"}, "time": 1732057898.1154501}