{"duration": 0.5920383930206299, "input_args": {"country_name": "'Vatican'"}, "time": 1732058062.122441}