{"duration": 0.5869381427764893, "input_args": {"country_name": "'Turkmenistan'"}, "time": 1732058054.1442983}