{"duration": 0.6362135410308838, "input_args": {"country_name": "'Dominican Republic'"}, "time": 1732057939.164099}