{"duration": 0.7723875045776367, "input_args": {"country_name": "'France'"}, "time": 1732057947.3847675}