{"duration": 0.6876711845397949, "input_args": {"country_name": "'Trinidad and Tobago'"}, "time": 1732058051.888003}