{"duration": 0.6668112277984619, "input_args": {"country_name": "'Serbia'"}, "time": 1732058034.5777488}