{"duration": 1.741849422454834, "input_args": {"country_name": "'Qatar'"}, "time": 1732058026.2423923}