{"duration": 0.7008152008056641, "input_args": {"country_name": "'Guam'"}, "time": 1732057960.7903352}