{"duration": 0.6561541557312012, "input_args": {"country_name": "'Bosnia and Herzegovina'"}, "time": 1732057916.9285078}