{"duration": 0.7569272518157959, "input_args": {"country_name": "'Martinique'"}, "time": 1732058001.5857627}