{"duration": 0.7015933990478516, "input_args": {"country_name": "'Togo'"}, "time": 1732058050.692332}