{"duration": 0.6250767707824707, "input_args": {"country_name": "'Kazakhstan'"}, "time": 1732057980.6224396}