{"duration": 0.6828587055206299, "input_args": {"country_name": "'Vietnam'"}, "time": 1732058064.5174859}