{"duration": 0.5595245361328125, "input_args": {"country_name": "'Croatia'"}, "time": 1732057934.5511894}