{"duration": 0.7241947650909424, "input_args": {"country_name": "'Grenada'"}, "time": 1732057958.3418458}