{"duration": 0.7603921890258789, "input_args": {"country_name": "'Israel'"}, "time": 1732057973.5341315}