{"duration": 0.662409782409668, "input_args": {"country_name": "'Netherlands'"}, "time": 1732058010.975244}