{"duration": 0.6467926502227783, "input_args": {"country_name": "'Latvia'"}, "time": 1732057987.5595083}