{"duration": 0.7458183765411377, "input_args": {"country_name": "'Cape Verde'"}, "time": 1732057925.1057398}