{"duration": 0.6493232250213623, "input_args": {"country_name": "'Japan'"}, "time": 1732057977.1040366}