{"duration": 0.7025563716888428, "input_args": {"country_name": "'Ukraine'"}, "time": 1732058056.5372956}