{"duration": 0.6124281883239746, "input_args": {"country_name": "'Guatemala'"}, "time": 1732057961.909798}