{"duration": 0.6408390998840332, "input_args": {"country_name": "'Liechtenstein'"}, "time": 1732057991.07986}