{"duration": 0.6458487510681152, "input_args": {"country_name": "'Colombia'"}, "time": 1732057932.244924}