{"duration": 0.7018537521362305, "input_args": {"country_name": "'Ivory Coast'"}, "time": 1732057975.9432836}