{"duration": 0.6025433540344238, "input_args": {"country_name": "'Honduras'"}, "time": 1732057963.0203583}