{"duration": 0.6295981407165527, "input_args": {"country_name": "'Madagascar'"}, "time": 1732057997.0104187}