{"duration": 0.6300311088562012, "input_args": {"country_name": "'Nepal'"}, "time": 1732058009.8045678}