{"duration": 0.6132485866546631, "input_args": {"country_name": "'Belarus'"}, "time": 1732057911.0067124}