{"duration": 0.584176778793335, "input_args": {"country_name": "'Finland'"}, "time": 1732057946.1046524}