{"duration": 0.7925221920013428, "input_args": {"country_name": "'Luxembourg'"}, "time": 1732057993.498637}