{"duration": 0.6999096870422363, "input_args": {"country_name": "'Macao'"}, "time": 1732057994.7052457}