{"duration": 0.6821563243865967, "input_args": {"country_name": "'Belize'"}, "time": 1732057913.3330557}