{"duration": 0.7245690822601318, "input_args": {"country_name": "'Reunion'"}, "time": 1732058027.4744704}