{"duration": 0.6800556182861328, "input_args": {"country_name": "'Pakistan'"}, "time": 1732058016.8218322}