{"duration": 0.6287078857421875, "input_args": {"country_name": "'Belgium'"}, "time": 1732057912.1439445}