{"duration": 0.6000521183013916, "input_args": {"country_name": "'Hong Kong'"}, "time": 1732057964.1271012}