{"duration": 0.5862228870391846, "input_args": {"country_name": "'Sri Lanka'"}, "time": 1732058042.5640666}