{"duration": 0.6497402191162109, "input_args": {"country_name": "'Kosovo'"}, "time": 1732057982.9680915}