{"duration": 0.662400484085083, "input_args": {"country_name": "'New Caledonia'"}, "time": 1732058012.1447499}