{"duration": 0.6827833652496338, "input_args": {"country_name": "'Azerbaijan'"}, "time": 1732057907.6192455}