{"duration": 0.6492471694946289, "input_args": {"country_name": "'Liberia'"}, "time": 1732057989.9313638}