{"duration": 0.8061373233795166, "input_args": {"country_name": "'Puerto Rico'"}, "time": 1732058023.9938152}