{"duration": 0.7033348083496094, "input_args": {"country_name": "'Taiwan'"}, "time": 1732058047.1537535}