{"duration": 0.6186907291412354, "input_args": {"country_name": "'Kyrgyzstan'"}, "time": 1732057985.2556536}