{"duration": 0.7378756999969482, "input_args": {"country_name": "'Canada'"}, "time": 1732057923.8523111}