{"duration": 0.7006328105926514, "input_args": {"country_name": "'Ghana'"}, "time": 1732057954.7401152}