{"duration": 0.7343578338623047, "input_args": {"country_name": "'Guadeloupe'"}, "time": 1732057959.5829163}