{"duration": 0.7275824546813965, "input_args": {"country_name": "'Zambia'"}, "time": 1732058065.7534497}