{"duration": 0.6017367839813232, "input_args": {"country_name": "'Bahrain'"}, "time": 1732057908.727731}