{"duration": 0.7120437622070312, "input_args": {"country_name": "'Iran'"}, "time": 1732057969.9019754}