{"duration": 0.64347243309021, "input_args": {"country_name": "'Saudi Arabia'"}, "time": 1732058032.1667314}