{"duration": 0.8120651245117188, "input_args": {"country_name": "'Algeria'"}, "time": 1732057899.438524}