{"duration": 0.6429274082183838, "input_args": {"country_name": "'Laos'"}, "time": 1732057986.4064977}