{"duration": 0.6060569286346436, "input_args": {"country_name": "'South Korea'"}, "time": 1732058040.3208115}