{"duration": 0.7198836803436279, "input_args": {"country_name": "'Austria'"}, "time": 1732057906.4298291}