{"duration": 0.5993766784667969, "input_args": {"country_name": "'Brunei'"}, "time": 1732057919.1759303}