{"duration": 0.556626558303833, "input_args": {"country_name": "'United Arab Emirates'"}, "time": 1732058057.601908}