{"duration": 0.6507017612457275, "input_args": {"country_name": "'United States of America'"}, "time": 1732058059.9100723}