{"duration": 0.6608636379241943, "input_args": {"country_name": "'Gibraltar'"}, "time": 1732057955.9093916}