{"duration": 0.725304365158081, "input_args": {"country_name": "'China'"}, "time": 1732057931.0919256}