{"duration": 0.7275657653808594, "input_args": {"country_name": "'Costa Rica'"}, "time": 1732057933.4796393}