{"duration": 0.6594433784484863, "input_args": {"country_name": "'Norway'"}, "time": 1732058015.6334307}