{"duration": 0.7194759845733643, "input_args": {"country_name": "'Russia'"}, "time": 1732058029.876462}