{"duration": 0.6425595283508301, "input_args": {"country_name": "'Spain'"}, "time": 1732058041.4715583}