{"duration": 0.6962423324584961, "input_args": {"country_name": "'Egypt'"}, "time": 1732057941.4713533}