{"duration": 0.7687726020812988, "input_args": {"country_name": "'Chad'"}, "time": 1732057928.7049565}