{"duration": 0.6524646282196045, "input_args": {"country_name": "'Cambodia'"}, "time": 1732057922.6071627}