{"duration": 0.678288459777832, "input_args": {"country_name": "'Armenia'"}, "time": 1732057904.0373406}