{"duration": 0.6336376667022705, "input_args": {"country_name": "'India'"}, "time": 1732057967.5531044}