{"duration": 0.5678448677062988, "input_args": {"country_name": "'Poland'"}, "time": 1732058021.4697466}