{"duration": 0.6602561473846436, "input_args": {"country_name": "'Bulgaria'"}, "time": 1732057920.3506186}