{"duration": 0.6941850185394287, "input_args": {"country_name": "'Greece'"}, "time": 1732057957.1102865}