{"duration": 0.703561544418335, "input_args": {"country_name": "'Jersey'"}, "time": 1732057978.3165731}