{"duration": 0.6500003337860107, "input_args": {"country_name": "'Bangladesh'"}, "time": 1732057909.8859131}