{"duration": 0.6009964942932129, "input_args": {"country_name": "'Uzbekistan'"}, "time": 1732058061.0218747}