{"duration": 0.6133372783660889, "input_args": {"country_name": "'Lithuania'"}, "time": 1732057992.2003736}