{"duration": 0.6317951679229736, "input_args": {"country_name": "'San Marino'"}, "time": 1732058031.0154839}