{"duration": 0.68705153465271, "input_args": {"country_name": "'Italy'"}, "time": 1732057974.7327938}